{
  "info" : {
    "version" : 1,
    "author" : "xcode"
  },
  "properties" : {
    "rotation" : [
      0,
      1,
      0,
      -1.5111361742019653
    ],
    "content" : "trackingData.cv3dmap",
    "translation" : [
      -0.00154084712266922,
      0.033149987459182739,
      0.023318052291870117
    ],
    "version" : 1
  }
}